50,5.00,us
50,3.00,us
50,3.00,us
50,3.00,us
50,3.00,us
50,3.00,us
50,3.00,us
50,3.00,us
50,3.00,us
50,5.00,us
50,2.00,us
50,3.00,us
50,3.00,us
50,3.00,us
50,3.00,us
50,3.00,us
50,3.00,us
50,3.00,us
50,3.00,us
50,2.00,us
50,3.00,us
50,3.00,us
50,3.00,us
50,3.00,us
50,3.00,us
50,3.00,us
50,3.00,us
50,3.00,us
50,3.00,us
50,2.00,us
50,3.00,us
50,2.00,us
50,3.00,us
50,4.00,us
50,3.00,us
50,3.00,us
50,2.00,us
50,3.00,us
50,3.00,us
50,3.00,us
50,3.00,us
50,3.00,us
50,2.00,us
50,3.00,us
50,3.00,us
50,3.00,us
50,2.00,us
50,2.00,us
50,3.00,us
50,3.00,us
50,3.00,us
50,2.00,us
50,3.00,us
50,3.00,us
50,2.00,us
50,3.00,us
50,2.00,us
50,3.00,us
50,3.00,us
50,3.00,us
50,3.00,us
50,2.00,us
50,3.00,us
50,3.00,us
50,3.00,us
50,3.00,us
50,3.00,us
50,3.00,us
50,3.00,us
50,3.00,us
50,2.00,us
50,3.00,us
50,3.00,us
50,3.00,us
50,3.00,us
50,2.00,us
50,5.00,us
50,3.00,us
50,3.00,us
50,2.00,us
50,2.00,us
50,3.00,us
50,3.00,us
50,3.00,us
50,3.00,us
50,3.00,us
50,3.00,us
50,3.00,us
50,3.00,us
50,3.00,us
50,2.00,us
50,3.00,us
50,3.00,us
50,3.00,us
50,2.00,us
50,2.00,us
50,2.00,us
50,3.00,us
50,3.00,us
50,3.00,us
50,3.00,us
50,2.00,us
50,3.00,us
50,3.00,us
50,3.00,us
50,2.00,us
50,3.00,us
50,3.00,us
50,3.00,us
50,3.00,us
50,2.00,us
50,2.00,us
50,3.00,us
50,3.00,us
50,3.00,us
50,2.00,us
50,2.00,us
50,2.00,us
50,3.00,us
50,2.00,us
50,2.00,us
50,3.00,us
50,2.00,us
50,2.00,us
50,3.00,us
50,3.00,us
50,2.00,us
50,3.00,us
50,3.00,us
50,3.00,us
50,2.00,us
50,2.00,us
50,2.00,us
50,3.00,us
50,3.00,us
50,3.00,us
50,3.00,us
50,3.00,us
50,3.00,us
50,2.00,us
50,2.00,us
50,3.00,us
50,3.00,us
50,3.00,us
50,3.00,us
50,3.00,us
50,3.00,us
50,2.00,us
50,3.00,us
50,3.00,us
100,10.00,us
100,18.00,us
100,17.00,us
100,16.00,us
100,10.00,us
100,9.00,us
100,9.00,us
100,9.00,us
100,9.00,us
100,10.00,us
100,9.00,us
100,9.00,us
100,9.00,us
100,9.00,us
100,14.00,us
100,10.00,us
100,17.00,us
100,9.00,us
100,9.00,us
100,9.00,us
100,9.00,us
100,9.00,us
100,9.00,us
100,9.00,us
100,9.00,us
100,9.00,us
100,9.00,us
100,9.00,us
100,9.00,us
100,9.00,us
100,9.00,us
100,9.00,us
100,9.00,us
100,10.00,us
100,10.00,us
100,9.00,us
100,9.00,us
100,9.00,us
100,9.00,us
100,9.00,us
100,9.00,us
100,9.00,us
100,9.00,us
100,17.00,us
100,9.00,us
100,9.00,us
100,9.00,us
100,9.00,us
100,9.00,us
100,9.00,us
100,9.00,us
100,9.00,us
100,9.00,us
100,9.00,us
100,9.00,us
100,9.00,us
100,9.00,us
100,9.00,us
100,9.00,us
100,9.00,us
100,9.00,us
100,9.00,us
100,9.00,us
100,9.00,us
100,9.00,us
100,9.00,us
100,9.00,us
100,9.00,us
100,9.00,us
100,9.00,us
100,9.00,us
100,9.00,us
100,9.00,us
100,9.00,us
100,9.00,us
100,9.00,us
100,9.00,us
100,9.00,us
100,9.00,us
100,9.00,us
100,9.00,us
100,9.00,us
100,9.00,us
100,9.00,us
100,9.00,us
100,9.00,us
100,9.00,us
100,9.00,us
100,9.00,us
100,9.00,us
100,9.00,us
100,9.00,us
100,9.00,us
100,9.00,us
100,9.00,us
100,9.00,us
100,9.00,us
100,9.00,us
100,9.00,us
100,9.00,us
100,9.00,us
100,9.00,us
100,9.00,us
100,9.00,us
100,9.00,us
100,9.00,us
100,9.00,us
100,9.00,us
100,9.00,us
100,9.00,us
100,9.00,us
100,9.00,us
100,9.00,us
100,9.00,us
100,9.00,us
100,9.00,us
100,9.00,us
100,9.00,us
100,9.00,us
100,9.00,us
100,9.00,us
100,9.00,us
100,9.00,us
100,9.00,us
100,9.00,us
100,9.00,us
100,9.00,us
100,9.00,us
100,9.00,us
100,9.00,us
100,9.00,us
100,9.00,us
100,9.00,us
100,9.00,us
100,9.00,us
100,9.00,us
100,9.00,us
100,9.00,us
100,9.00,us
100,9.00,us
100,9.00,us
100,9.00,us
100,9.00,us
100,9.00,us
100,9.00,us
100,14.00,us
100,9.00,us
100,9.00,us
100,9.00,us
100,9.00,us
150,23.00,us
150,19.00,us
150,19.00,us
150,19.00,us
150,19.00,us
150,35.00,us
150,48.00,us
150,35.00,us
150,19.00,us
150,19.00,us
150,19.00,us
150,18.00,us
150,19.00,us
150,38.00,us
150,55.00,us
150,47.00,us
150,21.00,us
150,19.00,us
150,19.00,us
150,19.00,us
150,19.00,us
150,19.00,us
150,19.00,us
150,19.00,us
150,19.00,us
150,19.00,us
150,19.00,us
150,19.00,us
150,19.00,us
150,18.00,us
150,19.00,us
150,19.00,us
150,35.00,us
150,19.00,us
150,18.00,us
150,19.00,us
150,19.00,us
150,19.00,us
150,18.00,us
150,18.00,us
150,24.00,us
150,19.00,us
150,18.00,us
150,18.00,us
150,18.00,us
150,18.00,us
150,19.00,us
150,19.00,us
150,19.00,us
150,19.00,us
150,19.00,us
150,18.00,us
150,18.00,us
150,19.00,us
150,19.00,us
150,19.00,us
150,18.00,us
150,18.00,us
150,19.00,us
150,18.00,us
150,18.00,us
150,18.00,us
150,18.00,us
150,19.00,us
150,19.00,us
150,19.00,us
150,19.00,us
150,19.00,us
150,19.00,us
150,19.00,us
150,18.00,us
150,19.00,us
150,18.00,us
150,19.00,us
150,18.00,us
150,18.00,us
150,19.00,us
150,19.00,us
150,18.00,us
150,18.00,us
150,18.00,us
150,19.00,us
150,18.00,us
150,19.00,us
150,18.00,us
150,18.00,us
150,18.00,us
150,19.00,us
150,19.00,us
150,18.00,us
150,19.00,us
150,19.00,us
150,18.00,us
150,19.00,us
150,18.00,us
150,18.00,us
150,19.00,us
150,18.00,us
150,18.00,us
150,19.00,us
150,18.00,us
150,18.00,us
150,18.00,us
150,18.00,us
150,19.00,us
150,19.00,us
150,19.00,us
150,18.00,us
150,19.00,us
150,19.00,us
150,18.00,us
150,19.00,us
150,18.00,us
150,18.00,us
150,18.00,us
150,18.00,us
150,18.00,us
150,18.00,us
150,18.00,us
150,18.00,us
150,18.00,us
150,18.00,us
150,18.00,us
150,18.00,us
150,18.00,us
150,18.00,us
150,18.00,us
150,18.00,us
150,18.00,us
150,21.00,us
150,19.00,us
150,18.00,us
150,18.00,us
150,19.00,us
150,18.00,us
150,18.00,us
150,18.00,us
150,18.00,us
150,18.00,us
150,18.00,us
150,18.00,us
150,18.00,us
150,18.00,us
150,18.00,us
150,18.00,us
150,18.00,us
150,18.00,us
150,18.00,us
150,18.00,us
150,35.00,us
200,38.00,us
200,29.00,us
200,29.00,us
200,31.00,us
200,53.00,us
200,29.00,us
200,28.00,us
200,28.00,us
200,36.00,us
200,35.00,us
200,28.00,us
200,45.00,us
200,28.00,us
200,28.00,us
200,28.00,us
200,28.00,us
200,28.00,us
200,28.00,us
200,28.00,us
200,28.00,us
200,28.00,us
200,28.00,us
200,28.00,us
200,28.00,us
200,28.00,us
200,28.00,us
200,28.00,us
200,28.00,us
200,28.00,us
200,28.00,us
200,28.00,us
200,28.00,us
200,28.00,us
200,28.00,us
200,28.00,us
200,34.00,us
200,28.00,us
200,28.00,us
200,28.00,us
200,28.00,us
200,28.00,us
200,28.00,us
200,28.00,us
200,28.00,us
200,28.00,us
200,28.00,us
200,28.00,us
200,28.00,us
200,28.00,us
200,28.00,us
200,28.00,us
200,28.00,us
200,28.00,us
200,32.00,us
200,27.00,us
200,28.00,us
200,29.00,us
200,28.00,us
200,28.00,us
200,28.00,us
200,28.00,us
200,29.00,us
200,29.00,us
200,28.00,us
200,28.00,us
200,28.00,us
200,47.00,us
200,28.00,us
200,48.00,us
200,28.00,us
200,28.00,us
200,28.00,us
200,58.00,us
200,28.00,us
200,28.00,us
200,28.00,us
200,28.00,us
200,28.00,us
200,28.00,us
200,28.00,us
200,28.00,us
200,28.00,us
200,28.00,us
200,28.00,us
200,28.00,us
200,28.00,us
200,28.00,us
200,28.00,us
200,27.00,us
200,28.00,us
200,27.00,us
200,28.00,us
200,27.00,us
200,27.00,us
200,27.00,us
200,28.00,us
200,28.00,us
200,28.00,us
200,27.00,us
200,27.00,us
200,28.00,us
200,28.00,us
200,28.00,us
200,28.00,us
200,28.00,us
200,28.00,us
200,28.00,us
200,28.00,us
200,28.00,us
200,28.00,us
200,28.00,us
200,27.00,us
200,28.00,us
200,28.00,us
200,27.00,us
200,33.00,us
200,28.00,us
200,28.00,us
200,28.00,us
200,27.00,us
200,28.00,us
200,27.00,us
200,28.00,us
200,28.00,us
200,28.00,us
200,27.00,us
200,28.00,us
200,28.00,us
200,28.00,us
200,28.00,us
200,27.00,us
200,28.00,us
200,29.00,us
200,28.00,us
200,28.00,us
200,28.00,us
200,27.00,us
200,28.00,us
200,28.00,us
200,27.00,us
200,27.00,us
200,28.00,us
200,27.00,us
200,28.00,us
200,28.00,us
200,28.00,us
200,27.00,us
200,27.00,us
200,28.00,us
200,28.00,us
250,69.00,us
250,62.00,us
250,79.00,us
250,59.00,us
250,43.00,us
250,41.00,us
250,41.00,us
250,68.00,us
250,59.00,us
250,42.00,us
250,42.00,us
250,41.00,us
250,41.00,us
250,41.00,us
250,41.00,us
250,41.00,us
250,41.00,us
250,41.00,us
250,41.00,us
250,41.00,us
250,41.00,us
250,41.00,us
250,41.00,us
250,41.00,us
250,41.00,us
250,41.00,us
250,41.00,us
250,41.00,us
250,41.00,us
250,41.00,us
250,41.00,us
250,41.00,us
250,41.00,us
250,41.00,us
250,41.00,us
250,42.00,us
250,41.00,us
250,41.00,us
250,41.00,us
250,41.00,us
250,41.00,us
250,41.00,us
250,47.00,us
250,41.00,us
250,41.00,us
250,41.00,us
250,41.00,us
250,41.00,us
250,41.00,us
250,46.00,us
250,41.00,us
250,41.00,us
250,41.00,us
250,77.00,us
250,41.00,us
250,41.00,us
250,41.00,us
250,41.00,us
250,41.00,us
250,41.00,us
250,41.00,us
250,41.00,us
250,41.00,us
250,41.00,us
250,41.00,us
250,41.00,us
250,41.00,us
250,41.00,us
250,41.00,us
250,41.00,us
250,41.00,us
250,41.00,us
250,41.00,us
250,41.00,us
250,41.00,us
250,41.00,us
250,41.00,us
250,41.00,us
250,41.00,us
250,41.00,us
250,41.00,us
250,41.00,us
250,41.00,us
250,41.00,us
250,41.00,us
250,41.00,us
250,41.00,us
250,41.00,us
250,41.00,us
250,42.00,us
250,41.00,us
250,41.00,us
250,41.00,us
250,41.00,us
250,41.00,us
250,41.00,us
250,41.00,us
250,41.00,us
250,41.00,us
250,41.00,us
250,41.00,us
250,41.00,us
250,41.00,us
250,41.00,us
250,41.00,us
250,41.00,us
250,41.00,us
250,41.00,us
250,41.00,us
250,41.00,us
250,78.00,us
250,41.00,us
250,41.00,us
250,41.00,us
250,41.00,us
250,47.00,us
250,41.00,us
250,41.00,us
250,41.00,us
250,41.00,us
250,41.00,us
250,41.00,us
250,64.00,us
250,41.00,us
250,41.00,us
250,41.00,us
250,41.00,us
250,41.00,us
250,41.00,us
250,49.00,us
250,41.00,us
250,41.00,us
250,41.00,us
250,41.00,us
250,41.00,us
250,41.00,us
250,41.00,us
250,41.00,us
250,41.00,us
250,41.00,us
250,41.00,us
250,41.00,us
250,41.00,us
250,42.00,us
250,69.00,us
250,41.00,us
250,41.00,us
250,41.00,us
250,48.00,us
250,41.00,us
300,58.00,us
300,98.00,us
300,86.00,us
300,57.00,us
300,57.00,us
300,57.00,us
300,57.00,us
300,57.00,us
300,77.00,us
300,56.00,us
300,90.00,us
300,56.00,us
300,57.00,us
300,56.00,us
300,56.00,us
300,56.00,us
300,57.00,us
300,56.00,us
300,56.00,us
300,57.00,us
300,56.00,us
300,57.00,us
300,57.00,us
300,56.00,us
300,57.00,us
300,58.00,us
300,56.00,us
300,57.00,us
300,57.00,us
300,57.00,us
300,56.00,us
300,57.00,us
300,56.00,us
300,56.00,us
300,57.00,us
300,56.00,us
300,57.00,us
300,57.00,us
300,57.00,us
300,56.00,us
300,57.00,us
300,56.00,us
300,56.00,us
300,57.00,us
300,57.00,us
300,56.00,us
300,57.00,us
300,62.00,us
300,56.00,us
300,56.00,us
300,57.00,us
300,56.00,us
300,57.00,us
300,57.00,us
300,56.00,us
300,56.00,us
300,56.00,us
300,57.00,us
300,57.00,us
300,57.00,us
300,57.00,us
300,56.00,us
300,57.00,us
300,57.00,us
300,56.00,us
300,57.00,us
300,57.00,us
300,57.00,us
300,56.00,us
300,57.00,us
300,56.00,us
300,56.00,us
300,71.00,us
300,57.00,us
300,57.00,us
300,57.00,us
300,57.00,us
300,56.00,us
300,56.00,us
300,56.00,us
300,57.00,us
300,56.00,us
300,57.00,us
300,56.00,us
300,56.00,us
300,56.00,us
300,56.00,us
300,56.00,us
300,56.00,us
300,61.00,us
300,56.00,us
300,57.00,us
300,57.00,us
300,56.00,us
300,57.00,us
300,73.00,us
300,57.00,us
300,57.00,us
300,56.00,us
300,56.00,us
300,57.00,us
300,57.00,us
300,56.00,us
300,56.00,us
300,56.00,us
300,62.00,us
300,56.00,us
300,56.00,us
300,56.00,us
300,57.00,us
300,56.00,us
300,56.00,us
300,57.00,us
300,56.00,us
300,58.00,us
300,56.00,us
300,56.00,us
300,57.00,us
300,57.00,us
300,56.00,us
300,57.00,us
300,57.00,us
300,56.00,us
300,57.00,us
300,57.00,us
300,57.00,us
300,62.00,us
300,56.00,us
300,56.00,us
300,57.00,us
300,56.00,us
300,56.00,us
300,57.00,us
300,56.00,us
300,56.00,us
300,56.00,us
300,56.00,us
300,56.00,us
300,56.00,us
300,57.00,us
300,56.00,us
300,56.00,us
300,56.00,us
300,56.00,us
300,56.00,us
300,56.00,us
300,57.00,us
300,57.00,us
300,63.00,us
300,57.00,us
350,72.00,us
350,117.00,us
350,110.00,us
350,71.00,us
350,98.00,us
350,71.00,us
350,70.00,us
350,70.00,us
350,70.00,us
350,70.00,us
350,70.00,us
350,69.00,us
350,69.00,us
350,69.00,us
350,70.00,us
350,69.00,us
350,70.00,us
350,69.00,us
350,69.00,us
350,69.00,us
350,70.00,us
350,75.00,us
350,69.00,us
350,70.00,us
350,70.00,us
350,69.00,us
350,69.00,us
350,70.00,us
350,70.00,us
350,69.00,us
350,70.00,us
350,70.00,us
350,70.00,us
350,70.00,us
350,70.00,us
350,123.00,us
350,70.00,us
350,70.00,us
350,70.00,us
350,70.00,us
350,70.00,us
350,69.00,us
350,69.00,us
350,69.00,us
350,69.00,us
350,69.00,us
350,69.00,us
350,70.00,us
350,69.00,us
350,69.00,us
350,69.00,us
350,70.00,us
350,69.00,us
350,69.00,us
350,69.00,us
350,75.00,us
350,70.00,us
350,70.00,us
350,69.00,us
350,69.00,us
350,108.00,us
350,69.00,us
350,69.00,us
350,69.00,us
350,69.00,us
350,69.00,us
350,69.00,us
350,70.00,us
350,69.00,us
350,69.00,us
350,71.00,us
350,70.00,us
350,70.00,us
350,70.00,us
350,70.00,us
350,70.00,us
350,69.00,us
350,70.00,us
350,69.00,us
350,69.00,us
350,70.00,us
350,75.00,us
350,69.00,us
350,69.00,us
350,70.00,us
350,69.00,us
350,70.00,us
350,70.00,us
350,70.00,us
350,70.00,us
350,70.00,us
350,69.00,us
350,70.00,us
350,69.00,us
350,74.00,us
350,69.00,us
350,106.00,us
350,69.00,us
350,70.00,us
350,70.00,us
350,70.00,us
350,70.00,us
350,69.00,us
350,69.00,us
350,71.00,us
350,69.00,us
350,69.00,us
350,70.00,us
350,69.00,us
350,69.00,us
350,69.00,us
350,69.00,us
350,70.00,us
350,69.00,us
350,70.00,us
350,70.00,us
350,70.00,us
350,70.00,us
350,70.00,us
350,69.00,us
350,69.00,us
350,69.00,us
350,70.00,us
350,70.00,us
350,70.00,us
350,69.00,us
350,69.00,us
350,69.00,us
350,69.00,us
350,69.00,us
350,70.00,us
350,69.00,us
350,70.00,us
350,77.00,us
350,69.00,us
350,69.00,us
350,69.00,us
350,70.00,us
350,131.00,us
350,71.00,us
350,70.00,us
350,70.00,us
350,70.00,us
350,70.00,us
350,70.00,us
350,69.00,us
350,69.00,us
350,70.00,us
350,69.00,us
350,70.00,us
400,161.00,us
400,149.00,us
400,86.00,us
400,187.00,us
400,87.00,us
400,89.00,us
400,85.00,us
400,85.00,us
400,86.00,us
400,86.00,us
400,144.00,us
400,85.00,us
400,85.00,us
400,87.00,us
400,86.00,us
400,86.00,us
400,86.00,us
400,85.00,us
400,85.00,us
400,94.00,us
400,85.00,us
400,85.00,us
400,85.00,us
400,85.00,us
400,85.00,us
400,86.00,us
400,85.00,us
400,85.00,us
400,87.00,us
400,92.00,us
400,85.00,us
400,85.00,us
400,85.00,us
400,85.00,us
400,85.00,us
400,85.00,us
400,85.00,us
400,89.00,us
400,161.00,us
400,86.00,us
400,86.00,us
400,85.00,us
400,85.00,us
400,85.00,us
400,86.00,us
400,85.00,us
400,85.00,us
400,85.00,us
400,85.00,us
400,85.00,us
400,85.00,us
400,85.00,us
400,85.00,us
400,85.00,us
400,85.00,us
400,85.00,us
400,85.00,us
400,85.00,us
400,85.00,us
400,88.00,us
400,86.00,us
400,91.00,us
400,85.00,us
400,165.00,us
400,104.00,us
400,86.00,us
400,85.00,us
400,86.00,us
400,86.00,us
400,85.00,us
400,85.00,us
400,86.00,us
400,86.00,us
400,86.00,us
400,85.00,us
400,85.00,us
400,85.00,us
400,85.00,us
400,87.00,us
400,85.00,us
400,85.00,us
400,85.00,us
400,85.00,us
400,85.00,us
400,86.00,us
400,85.00,us
400,85.00,us
400,86.00,us
400,85.00,us
400,132.00,us
400,215.00,us
400,86.00,us
400,85.00,us
400,87.00,us
400,85.00,us
400,85.00,us
400,85.00,us
400,85.00,us
400,85.00,us
400,86.00,us
400,86.00,us
400,85.00,us
400,85.00,us
400,85.00,us
400,85.00,us
400,85.00,us
400,85.00,us
400,91.00,us
400,85.00,us
400,85.00,us
400,86.00,us
400,86.00,us
400,85.00,us
400,101.00,us
400,114.00,us
400,170.00,us
400,91.00,us
400,86.00,us
400,168.00,us
400,86.00,us
400,85.00,us
400,86.00,us
400,87.00,us
400,85.00,us
400,85.00,us
400,85.00,us
400,85.00,us
400,85.00,us
400,85.00,us
400,85.00,us
400,88.00,us
400,85.00,us
400,88.00,us
400,86.00,us
400,86.00,us
400,85.00,us
400,85.00,us
400,88.00,us
400,86.00,us
400,92.00,us
400,116.00,us
400,86.00,us
400,85.00,us
400,85.00,us
400,86.00,us
400,86.00,us
400,85.00,us
400,85.00,us
400,85.00,us
400,86.00,us
450,154.00,us
450,231.00,us
450,107.00,us
450,150.00,us
450,105.00,us
450,105.00,us
450,105.00,us
450,104.00,us
450,124.00,us
450,156.00,us
450,107.00,us
450,180.00,us
450,106.00,us
450,161.00,us
450,133.00,us
450,105.00,us
450,122.00,us
450,106.00,us
450,106.00,us
450,105.00,us
450,109.00,us
450,104.00,us
450,265.00,us
450,105.00,us
450,106.00,us
450,163.00,us
450,127.00,us
450,105.00,us
450,105.00,us
450,104.00,us
450,105.00,us
450,148.00,us
450,152.00,us
450,105.00,us
450,111.00,us
450,152.00,us
450,152.00,us
450,170.00,us
450,152.00,us
450,194.00,us
450,153.00,us
450,105.00,us
450,112.00,us
450,105.00,us
450,106.00,us
450,105.00,us
450,252.00,us
450,107.00,us
450,106.00,us
450,105.00,us
450,106.00,us
450,105.00,us
450,106.00,us
450,106.00,us
450,105.00,us
450,106.00,us
450,106.00,us
450,111.00,us
450,104.00,us
450,105.00,us
450,105.00,us
450,105.00,us
450,106.00,us
450,106.00,us
450,105.00,us
450,105.00,us
450,104.00,us
450,105.00,us
450,105.00,us
450,106.00,us
450,105.00,us
450,105.00,us
450,104.00,us
450,106.00,us
450,105.00,us
450,105.00,us
450,104.00,us
450,105.00,us
450,104.00,us
450,105.00,us
450,106.00,us
450,105.00,us
450,104.00,us
450,106.00,us
450,106.00,us
450,105.00,us
450,106.00,us
450,105.00,us
450,105.00,us
450,108.00,us
450,114.00,us
450,109.00,us
450,110.00,us
450,107.00,us
450,109.00,us
450,108.00,us
450,108.00,us
450,108.00,us
450,107.00,us
450,107.00,us
450,109.00,us
450,106.00,us
450,107.00,us
450,108.00,us
450,109.00,us
450,108.00,us
450,108.00,us
450,109.00,us
450,109.00,us
450,108.00,us
450,108.00,us
450,108.00,us
450,109.00,us
450,119.00,us
450,109.00,us
450,107.00,us
450,109.00,us
450,109.00,us
450,107.00,us
450,108.00,us
450,109.00,us
450,108.00,us
450,109.00,us
450,109.00,us
450,109.00,us
450,107.00,us
450,113.00,us
450,109.00,us
450,108.00,us
450,108.00,us
450,107.00,us
450,106.00,us
450,108.00,us
450,108.00,us
450,107.00,us
450,109.00,us
450,107.00,us
450,109.00,us
450,107.00,us
450,108.00,us
450,114.00,us
450,108.00,us
450,108.00,us
450,108.00,us
450,109.00,us
450,108.00,us
450,108.00,us
450,111.00,us
450,108.00,us
450,108.00,us
500,177.00,us
500,153.00,us
500,132.00,us
500,132.00,us
500,131.00,us
500,133.00,us
500,132.00,us
500,132.00,us
500,131.00,us
500,131.00,us
500,131.00,us
500,131.00,us
500,130.00,us
500,131.00,us
500,136.00,us
500,131.00,us
500,131.00,us
500,132.00,us
500,131.00,us
500,131.00,us
500,132.00,us
500,131.00,us
500,131.00,us
500,130.00,us
500,130.00,us
500,177.00,us
500,131.00,us
500,133.00,us
500,132.00,us
500,131.00,us
500,131.00,us
500,131.00,us
500,132.00,us
500,132.00,us
500,130.00,us
500,132.00,us
500,131.00,us
500,131.00,us
500,131.00,us
500,131.00,us
500,131.00,us
500,131.00,us
500,130.00,us
500,131.00,us
500,134.00,us
500,134.00,us
500,160.00,us
500,131.00,us
500,131.00,us
500,143.00,us
500,132.00,us
500,132.00,us
500,130.00,us
500,131.00,us
500,131.00,us
500,131.00,us
500,136.00,us
500,131.00,us
500,131.00,us
500,131.00,us
500,131.00,us
500,131.00,us
500,135.00,us
500,132.00,us
500,131.00,us
500,131.00,us
500,131.00,us
500,132.00,us
500,128.00,us
500,197.00,us
500,206.00,us
500,128.00,us
500,129.00,us
500,127.00,us
500,127.00,us
500,127.00,us
500,127.00,us
500,128.00,us
500,127.00,us
500,128.00,us
500,128.00,us
500,127.00,us
500,126.00,us
500,128.00,us
500,128.00,us
500,126.00,us
500,127.00,us
500,128.00,us
500,127.00,us
500,127.00,us
500,128.00,us
500,128.00,us
500,128.00,us
500,128.00,us
500,140.00,us
500,127.00,us
500,127.00,us
500,130.00,us
500,127.00,us
500,136.00,us
500,127.00,us
500,127.00,us
500,127.00,us
500,127.00,us
500,127.00,us
500,130.00,us
500,128.00,us
500,127.00,us
500,127.00,us
500,127.00,us
500,199.00,us
500,198.00,us
500,129.00,us
500,128.00,us
500,127.00,us
500,127.00,us
500,127.00,us
500,127.00,us
500,127.00,us
500,132.00,us
500,127.00,us
500,127.00,us
500,128.00,us
500,128.00,us
500,127.00,us
500,127.00,us
500,128.00,us
500,223.00,us
500,128.00,us
500,127.00,us
500,127.00,us
500,128.00,us
500,127.00,us
500,128.00,us
500,126.00,us
500,128.00,us
500,127.00,us
500,126.00,us
500,127.00,us
500,127.00,us
500,127.00,us
500,127.00,us
500,127.00,us
500,126.00,us
500,129.00,us
500,127.00,us
500,127.00,us
500,127.00,us
500,213.00,us
500,129.00,us
550,198.00,us
550,145.00,us
550,199.00,us
550,144.00,us
550,144.00,us
550,150.00,us
550,144.00,us
550,144.00,us
550,147.00,us
550,144.00,us
550,144.00,us
550,144.00,us
550,144.00,us
550,144.00,us
550,164.00,us
550,145.00,us
550,144.00,us
550,145.00,us
550,149.00,us
550,144.00,us
550,144.00,us
550,144.00,us
550,146.00,us
550,143.00,us
550,143.00,us
550,144.00,us
550,145.00,us
550,144.00,us
550,144.00,us
550,148.00,us
550,144.00,us
550,146.00,us
550,144.00,us
550,144.00,us
550,143.00,us
550,143.00,us
550,143.00,us
550,143.00,us
550,144.00,us
550,144.00,us
550,149.00,us
550,143.00,us
550,143.00,us
550,144.00,us
550,144.00,us
550,143.00,us
550,143.00,us
550,143.00,us
550,142.00,us
550,151.00,us
550,143.00,us
550,144.00,us
550,143.00,us
550,144.00,us
550,144.00,us
550,143.00,us
550,201.00,us
550,143.00,us
550,149.00,us
550,143.00,us
550,144.00,us
550,143.00,us
550,144.00,us
550,143.00,us
550,144.00,us
550,143.00,us
550,309.00,us
550,144.00,us
550,143.00,us
550,143.00,us
550,144.00,us
550,143.00,us
550,144.00,us
550,143.00,us
550,144.00,us
550,143.00,us
550,143.00,us
550,143.00,us
550,144.00,us
550,144.00,us
550,145.00,us
550,143.00,us
550,144.00,us
550,144.00,us
550,144.00,us
550,150.00,us
550,144.00,us
550,143.00,us
550,143.00,us
550,142.00,us
550,144.00,us
550,144.00,us
550,148.00,us
550,144.00,us
550,143.00,us
550,144.00,us
550,142.00,us
550,144.00,us
550,143.00,us
550,148.00,us
550,143.00,us
550,143.00,us
550,145.00,us
550,143.00,us
550,143.00,us
550,143.00,us
550,144.00,us
550,143.00,us
550,144.00,us
550,143.00,us
550,143.00,us
550,143.00,us
550,143.00,us
550,219.00,us
550,143.00,us
550,143.00,us
550,143.00,us
550,143.00,us
550,144.00,us
550,144.00,us
550,274.00,us
550,143.00,us
550,150.00,us
550,143.00,us
550,143.00,us
550,143.00,us
550,144.00,us
550,143.00,us
550,144.00,us
550,149.00,us
550,143.00,us
550,143.00,us
550,143.00,us
550,143.00,us
550,143.00,us
550,144.00,us
550,143.00,us
550,143.00,us
550,143.00,us
550,145.00,us
550,144.00,us
550,143.00,us
550,143.00,us
550,148.00,us
550,143.00,us
550,143.00,us
550,143.00,us
550,144.00,us
550,144.00,us
550,143.00,us
600,320.00,us
600,175.00,us
600,248.00,us
600,175.00,us
600,178.00,us
600,176.00,us
600,174.00,us
600,173.00,us
600,173.00,us
600,176.00,us
600,175.00,us
600,174.00,us
600,172.00,us
600,171.00,us
600,174.00,us
600,210.00,us
600,172.00,us
600,173.00,us
600,174.00,us
600,174.00,us
600,179.00,us
600,172.00,us
600,174.00,us
600,176.00,us
600,172.00,us
600,172.00,us
600,173.00,us
600,175.00,us
600,172.00,us
600,173.00,us
600,173.00,us
600,191.00,us
600,173.00,us
600,172.00,us
600,174.00,us
600,174.00,us
600,172.00,us
600,172.00,us
600,173.00,us
600,173.00,us
600,171.00,us
600,173.00,us
600,172.00,us
600,174.00,us
600,172.00,us
600,178.00,us
600,173.00,us
600,180.00,us
600,173.00,us
600,208.00,us
600,283.00,us
600,174.00,us
600,178.00,us
600,172.00,us
600,180.00,us
600,173.00,us
600,181.00,us
600,172.00,us
600,173.00,us
600,173.00,us
600,177.00,us
600,172.00,us
600,174.00,us
600,209.00,us
600,174.00,us
600,173.00,us
600,174.00,us
600,173.00,us
600,174.00,us
600,172.00,us
600,173.00,us
600,174.00,us
600,174.00,us
600,173.00,us
600,174.00,us
600,179.00,us
600,172.00,us
600,174.00,us
600,173.00,us
600,193.00,us
600,173.00,us
600,174.00,us
600,173.00,us
600,174.00,us
600,172.00,us
600,173.00,us
600,179.00,us
600,174.00,us
600,176.00,us
600,172.00,us
600,180.00,us
600,173.00,us
600,172.00,us
600,171.00,us
600,329.00,us
600,175.00,us
600,172.00,us
600,171.00,us
600,173.00,us
600,173.00,us
600,175.00,us
600,172.00,us
600,174.00,us
600,173.00,us
600,172.00,us
600,171.00,us
600,173.00,us
600,178.00,us
600,172.00,us
600,284.00,us
600,200.00,us
600,174.00,us
600,171.00,us
600,174.00,us
600,172.00,us
600,174.00,us
600,177.00,us
600,176.00,us
600,178.00,us
600,174.00,us
600,178.00,us
600,173.00,us
600,179.00,us
600,174.00,us
600,391.00,us
600,225.00,us
600,174.00,us
600,174.00,us
600,173.00,us
600,173.00,us
600,173.00,us
600,172.00,us
600,173.00,us
600,173.00,us
600,172.00,us
600,173.00,us
600,173.00,us
600,173.00,us
600,206.00,us
600,175.00,us
600,208.00,us
600,173.00,us
600,174.00,us
600,173.00,us
600,172.00,us
600,172.00,us
600,172.00,us
600,173.00,us
600,172.00,us
600,178.00,us
650,351.00,us
650,191.00,us
650,190.00,us
650,187.00,us
650,187.00,us
650,185.00,us
650,186.00,us
650,186.00,us
650,186.00,us
650,186.00,us
650,187.00,us
650,184.00,us
650,185.00,us
650,190.00,us
650,185.00,us
650,355.00,us
650,224.00,us
650,187.00,us
650,186.00,us
650,192.00,us
650,186.00,us
650,190.00,us
650,186.00,us
650,185.00,us
650,189.00,us
650,185.00,us
650,185.00,us
650,189.00,us
650,188.00,us
650,186.00,us
650,189.00,us
650,260.00,us
650,186.00,us
650,188.00,us
650,185.00,us
650,185.00,us
650,190.00,us
650,191.00,us
650,185.00,us
650,190.00,us
650,185.00,us
650,188.00,us
650,190.00,us
650,189.00,us
650,185.00,us
650,245.00,us
650,185.00,us
650,186.00,us
650,186.00,us
650,189.00,us
650,186.00,us
650,188.00,us
650,213.00,us
650,185.00,us
650,285.00,us
650,185.00,us
650,186.00,us
650,185.00,us
650,185.00,us
650,244.00,us
650,191.00,us
650,184.00,us
650,185.00,us
650,184.00,us
650,185.00,us
650,186.00,us
650,184.00,us
650,186.00,us
650,188.00,us
650,185.00,us
650,184.00,us
650,185.00,us
650,186.00,us
650,189.00,us
650,185.00,us
650,186.00,us
650,186.00,us
650,185.00,us
650,184.00,us
650,185.00,us
650,186.00,us
650,184.00,us
650,355.00,us
650,186.00,us
650,186.00,us
650,186.00,us
650,185.00,us
650,185.00,us
650,186.00,us
650,185.00,us
650,184.00,us
650,184.00,us
650,186.00,us
650,185.00,us
650,185.00,us
650,190.00,us
650,185.00,us
650,187.00,us
650,184.00,us
650,186.00,us
650,187.00,us
650,186.00,us
650,186.00,us
650,186.00,us
650,190.00,us
650,185.00,us
650,185.00,us
650,186.00,us
650,185.00,us
650,185.00,us
650,185.00,us
650,316.00,us
650,226.00,us
650,186.00,us
650,186.00,us
650,185.00,us
650,186.00,us
650,185.00,us
650,185.00,us
650,298.00,us
650,208.00,us
650,191.00,us
650,185.00,us
650,186.00,us
650,190.00,us
650,185.00,us
650,186.00,us
650,186.00,us
650,186.00,us
650,185.00,us
650,190.00,us
650,185.00,us
650,186.00,us
650,186.00,us
650,360.00,us
650,185.00,us
650,185.00,us
650,191.00,us
650,185.00,us
650,185.00,us
650,186.00,us
650,189.00,us
650,185.00,us
650,185.00,us
650,185.00,us
650,185.00,us
650,185.00,us
650,185.00,us
650,193.00,us
650,187.00,us
700,312.00,us
700,313.00,us
700,212.00,us
700,218.00,us
700,211.00,us
700,213.00,us
700,211.00,us
700,227.00,us
700,211.00,us
700,342.00,us
700,249.00,us
700,211.00,us
700,210.00,us
700,211.00,us
700,211.00,us
700,210.00,us
700,210.00,us
700,210.00,us
700,210.00,us
700,212.00,us
700,211.00,us
700,381.00,us
700,211.00,us
700,211.00,us
700,211.00,us
700,209.00,us
700,211.00,us
700,216.00,us
700,210.00,us
700,210.00,us
700,216.00,us
700,210.00,us
700,211.00,us
700,211.00,us
700,219.00,us
700,211.00,us
700,216.00,us
700,210.00,us
700,211.00,us
700,217.00,us
700,210.00,us
700,210.00,us
700,210.00,us
700,224.00,us
700,211.00,us
700,222.00,us
700,212.00,us
700,210.00,us
700,216.00,us
700,216.00,us
700,211.00,us
700,216.00,us
700,210.00,us
700,211.00,us
700,211.00,us
700,211.00,us
700,211.00,us
700,211.00,us
700,212.00,us
700,211.00,us
700,223.00,us
700,211.00,us
700,211.00,us
700,209.00,us
700,210.00,us
700,211.00,us
700,210.00,us
700,210.00,us
700,215.00,us
700,210.00,us
700,211.00,us
700,218.00,us
700,210.00,us
700,224.00,us
700,217.00,us
700,211.00,us
700,211.00,us
700,210.00,us
700,211.00,us
700,211.00,us
700,225.00,us
700,211.00,us
700,212.00,us
700,212.00,us
700,212.00,us
700,217.00,us
700,212.00,us
700,210.00,us
700,211.00,us
700,211.00,us
700,211.00,us
700,210.00,us
700,211.00,us
700,210.00,us
700,287.00,us
700,220.00,us
700,212.00,us
700,211.00,us
700,240.00,us
700,214.00,us
700,210.00,us
700,210.00,us
700,211.00,us
700,211.00,us
700,211.00,us
700,211.00,us
700,252.00,us
700,211.00,us
700,211.00,us
700,225.00,us
700,210.00,us
700,211.00,us
700,210.00,us
700,211.00,us
700,210.00,us
700,210.00,us
700,210.00,us
700,210.00,us
700,212.00,us
700,210.00,us
700,210.00,us
700,211.00,us
700,211.00,us
700,283.00,us
700,211.00,us
700,226.00,us
700,210.00,us
700,217.00,us
700,210.00,us
700,211.00,us
700,211.00,us
700,211.00,us
700,210.00,us
700,210.00,us
700,215.00,us
700,210.00,us
700,211.00,us
700,219.00,us
700,210.00,us
700,212.00,us
700,210.00,us
700,213.00,us
700,211.00,us
700,213.00,us
700,210.00,us
700,210.00,us
700,226.00,us
700,210.00,us
700,211.00,us
700,211.00,us
750,412.00,us
750,311.00,us
750,342.00,us
750,238.00,us
750,240.00,us
750,238.00,us
750,239.00,us
750,237.00,us
750,245.00,us
750,277.00,us
750,237.00,us
750,237.00,us
750,236.00,us
750,237.00,us
750,239.00,us
750,242.00,us
750,235.00,us
750,238.00,us
750,236.00,us
750,236.00,us
750,238.00,us
750,238.00,us
750,244.00,us
750,237.00,us
750,238.00,us
750,268.00,us
750,246.00,us
750,239.00,us
750,237.00,us
750,242.00,us
750,236.00,us
750,238.00,us
750,241.00,us
750,237.00,us
750,237.00,us
750,241.00,us
750,363.00,us
750,238.00,us
750,236.00,us
750,239.00,us
750,238.00,us
750,237.00,us
750,237.00,us
750,238.00,us
750,237.00,us
750,312.00,us
750,235.00,us
750,236.00,us
750,240.00,us
750,356.00,us
750,238.00,us
750,236.00,us
750,238.00,us
750,237.00,us
750,238.00,us
750,236.00,us
750,236.00,us
750,237.00,us
750,237.00,us
750,244.00,us
750,239.00,us
750,238.00,us
750,244.00,us
750,239.00,us
750,239.00,us
750,241.00,us
750,238.00,us
750,235.00,us
750,235.00,us
750,237.00,us
750,237.00,us
750,246.00,us
750,239.00,us
750,238.00,us
750,244.00,us
750,236.00,us
750,237.00,us
750,245.00,us
750,238.00,us
750,238.00,us
750,238.00,us
750,237.00,us
750,237.00,us
750,238.00,us
750,239.00,us
750,237.00,us
750,237.00,us
750,238.00,us
750,237.00,us
750,237.00,us
750,238.00,us
750,241.00,us
750,239.00,us
750,238.00,us
750,237.00,us
750,261.00,us
750,238.00,us
750,239.00,us
750,237.00,us
750,238.00,us
750,237.00,us
750,237.00,us
750,238.00,us
750,236.00,us
750,238.00,us
750,238.00,us
750,297.00,us
750,238.00,us
750,237.00,us
750,238.00,us
750,244.00,us
750,237.00,us
750,238.00,us
750,243.00,us
750,236.00,us
750,238.00,us
750,242.00,us
750,237.00,us
750,242.00,us
750,238.00,us
750,238.00,us
750,239.00,us
750,237.00,us
750,238.00,us
750,238.00,us
750,236.00,us
750,238.00,us
750,237.00,us
750,238.00,us
750,237.00,us
750,287.00,us
750,240.00,us
750,239.00,us
750,238.00,us
750,235.00,us
750,238.00,us
750,236.00,us
750,239.00,us
750,238.00,us
750,238.00,us
750,238.00,us
750,534.00,us
750,244.00,us
750,240.00,us
750,238.00,us
750,244.00,us
750,238.00,us
750,237.00,us
750,245.00,us
750,236.00,us
800,262.00,us
800,272.00,us
800,270.00,us
800,261.00,us
800,260.00,us
800,260.00,us
800,265.00,us
800,260.00,us
800,260.00,us
800,262.00,us
800,264.00,us
800,260.00,us
800,262.00,us
800,313.00,us
800,259.00,us
800,260.00,us
800,259.00,us
800,260.00,us
800,268.00,us
800,266.00,us
800,260.00,us
800,259.00,us
800,264.00,us
800,262.00,us
800,262.00,us
800,259.00,us
800,260.00,us
800,260.00,us
800,258.00,us
800,260.00,us
800,265.00,us
800,260.00,us
800,260.00,us
800,280.00,us
800,261.00,us
800,260.00,us
800,262.00,us
800,259.00,us
800,259.00,us
800,260.00,us
800,260.00,us
800,259.00,us
800,258.00,us
800,349.00,us
800,260.00,us
800,260.00,us
800,259.00,us
800,260.00,us
800,265.00,us
800,260.00,us
800,258.00,us
800,260.00,us
800,258.00,us
800,258.00,us
800,263.00,us
800,260.00,us
800,261.00,us
800,260.00,us
800,374.00,us
800,276.00,us
800,260.00,us
800,260.00,us
800,262.00,us
800,261.00,us
800,260.00,us
800,260.00,us
800,259.00,us
800,259.00,us
800,261.00,us
800,259.00,us
800,259.00,us
800,258.00,us
800,263.00,us
800,262.00,us
800,259.00,us
800,260.00,us
800,264.00,us
800,259.00,us
800,318.00,us
800,259.00,us
800,259.00,us
800,259.00,us
800,259.00,us
800,260.00,us
800,265.00,us
800,259.00,us
800,265.00,us
800,262.00,us
800,258.00,us
800,300.00,us
800,259.00,us
800,260.00,us
800,260.00,us
800,263.00,us
800,258.00,us
800,259.00,us
800,258.00,us
800,258.00,us
800,258.00,us
800,341.00,us
800,259.00,us
800,259.00,us
800,258.00,us
800,258.00,us
800,259.00,us
800,258.00,us
800,257.00,us
800,258.00,us
800,257.00,us
800,264.00,us
800,261.00,us
800,259.00,us
800,260.00,us
800,260.00,us
800,259.00,us
800,260.00,us
800,259.00,us
800,259.00,us
800,260.00,us
800,259.00,us
800,259.00,us
800,264.00,us
800,260.00,us
800,297.00,us
800,259.00,us
800,259.00,us
800,263.00,us
800,259.00,us
800,258.00,us
800,267.00,us
800,259.00,us
800,264.00,us
800,259.00,us
800,258.00,us
800,259.00,us
800,264.00,us
800,258.00,us
800,260.00,us
800,260.00,us
800,258.00,us
800,259.00,us
800,260.00,us
800,260.00,us
800,261.00,us
800,259.00,us
800,259.00,us
800,260.00,us
800,260.00,us
800,261.00,us
800,260.00,us
850,428.00,us
850,287.00,us
850,287.00,us
850,291.00,us
850,285.00,us
850,286.00,us
850,286.00,us
850,286.00,us
850,286.00,us
850,290.00,us
850,286.00,us
850,425.00,us
850,286.00,us
850,290.00,us
850,284.00,us
850,286.00,us
850,285.00,us
850,285.00,us
850,290.00,us
850,285.00,us
850,285.00,us
850,287.00,us
850,285.00,us
850,286.00,us
850,285.00,us
850,290.00,us
850,286.00,us
850,285.00,us
850,284.00,us
850,283.00,us
850,363.00,us
850,292.00,us
850,285.00,us
850,285.00,us
850,286.00,us
850,286.00,us
850,290.00,us
850,284.00,us
850,285.00,us
850,285.00,us
850,287.00,us
850,290.00,us
850,287.00,us
850,287.00,us
850,286.00,us
850,361.00,us
850,290.00,us
850,284.00,us
850,285.00,us
850,285.00,us
850,287.00,us
850,286.00,us
850,292.00,us
850,285.00,us
850,285.00,us
850,286.00,us
850,286.00,us
850,290.00,us
850,284.00,us
850,375.00,us
850,322.00,us
850,285.00,us
850,286.00,us
850,285.00,us
850,285.00,us
850,284.00,us
850,285.00,us
850,285.00,us
850,290.00,us
850,292.00,us
850,285.00,us
850,284.00,us
850,286.00,us
850,283.00,us
850,289.00,us
850,285.00,us
850,286.00,us
850,284.00,us
850,366.00,us
850,295.00,us
850,286.00,us
850,286.00,us
850,285.00,us
850,287.00,us
850,283.00,us
850,283.00,us
850,285.00,us
850,286.00,us
850,287.00,us
850,285.00,us
850,290.00,us
850,286.00,us
850,287.00,us
850,284.00,us
850,285.00,us
850,343.00,us
850,290.00,us
850,286.00,us
850,285.00,us
850,287.00,us
850,287.00,us
850,289.00,us
850,289.00,us
850,292.00,us
850,286.00,us
850,285.00,us
850,285.00,us
850,286.00,us
850,285.00,us
850,291.00,us
850,285.00,us
850,284.00,us
850,284.00,us
850,286.00,us
850,284.00,us
850,290.00,us
850,285.00,us
850,286.00,us
850,283.00,us
850,284.00,us
850,285.00,us
850,284.00,us
850,285.00,us
850,286.00,us
850,286.00,us
850,288.00,us
850,364.00,us
850,292.00,us
850,285.00,us
850,284.00,us
850,285.00,us
850,288.00,us
850,290.00,us
850,286.00,us
850,284.00,us
850,285.00,us
850,286.00,us
850,291.00,us
850,286.00,us
850,286.00,us
850,285.00,us
850,284.00,us
850,285.00,us
850,293.00,us
850,284.00,us
850,349.00,us
850,287.00,us
850,286.00,us
850,285.00,us
850,292.00,us
900,323.00,us
900,319.00,us
900,321.00,us
900,407.00,us
900,322.00,us
900,327.00,us
900,318.00,us
900,322.00,us
900,321.00,us
900,319.00,us
900,323.00,us
900,319.00,us
900,330.00,us
900,332.00,us
900,325.00,us
900,320.00,us
900,322.00,us
900,319.00,us
900,321.00,us
900,321.00,us
900,322.00,us
900,321.00,us
900,321.00,us
900,320.00,us
900,319.00,us
900,321.00,us
900,325.00,us
900,321.00,us
900,360.00,us
900,324.00,us
900,322.00,us
900,322.00,us
900,328.00,us
900,328.00,us
900,316.00,us
900,322.00,us
900,349.00,us
900,334.00,us
900,321.00,us
900,398.00,us
900,322.00,us
900,318.00,us
900,322.00,us
900,320.00,us
900,320.00,us
900,320.00,us
900,321.00,us
900,320.00,us
900,324.00,us
900,319.00,us
900,322.00,us
900,318.00,us
900,323.00,us
900,317.00,us
900,320.00,us
900,320.00,us
900,322.00,us
900,320.00,us
900,323.00,us
900,318.00,us
900,320.00,us
900,327.00,us
900,327.00,us
900,321.00,us
900,325.00,us
900,503.00,us
900,318.00,us
900,329.00,us
900,329.00,us
900,553.00,us
900,329.00,us
900,322.00,us
900,324.00,us
900,324.00,us
900,325.00,us
900,324.00,us
900,332.00,us
900,337.00,us
900,335.00,us
900,330.00,us
900,324.00,us
900,326.00,us
900,438.00,us
900,321.00,us
900,330.00,us
900,321.00,us
900,320.00,us
900,321.00,us
900,316.00,us
900,318.00,us
900,319.00,us
900,321.00,us
900,321.00,us
900,319.00,us
900,322.00,us
900,318.00,us
900,321.00,us
900,321.00,us
900,328.00,us
900,324.00,us
900,328.00,us
900,325.00,us
900,323.00,us
900,319.00,us
900,322.00,us
900,319.00,us
900,320.00,us
900,505.00,us
900,347.00,us
900,320.00,us
900,322.00,us
900,318.00,us
900,319.00,us
900,317.00,us
900,319.00,us
900,320.00,us
900,321.00,us
900,361.00,us
900,327.00,us
900,318.00,us
900,318.00,us
900,319.00,us
900,320.00,us
900,319.00,us
900,364.00,us
900,319.00,us
900,321.00,us
900,321.00,us
900,322.00,us
900,321.00,us
900,318.00,us
900,324.00,us
900,321.00,us
900,320.00,us
900,321.00,us
900,320.00,us
900,320.00,us
900,320.00,us
900,319.00,us
900,326.00,us
900,325.00,us
900,320.00,us
900,320.00,us
900,318.00,us
900,319.00,us
900,319.00,us
900,320.00,us
900,319.00,us
900,324.00,us
900,319.00,us
950,523.00,us
950,351.00,us
950,351.00,us
950,356.00,us
950,357.00,us
950,356.00,us
950,357.00,us
950,351.00,us
950,350.00,us
950,350.00,us
950,350.00,us
950,352.00,us
950,356.00,us
950,350.00,us
950,350.00,us
950,351.00,us
950,352.00,us
950,350.00,us
950,352.00,us
950,352.00,us
950,355.00,us
950,354.00,us
950,518.00,us
950,349.00,us
950,350.00,us
950,349.00,us
950,353.00,us
950,350.00,us
950,349.00,us
950,350.00,us
950,352.00,us
950,351.00,us
950,351.00,us
950,350.00,us
950,349.00,us
950,445.00,us
950,351.00,us
950,369.00,us
950,355.00,us
950,359.00,us
950,355.00,us
950,356.00,us
950,376.00,us
950,357.00,us
950,356.00,us
950,351.00,us
950,353.00,us
950,355.00,us
950,350.00,us
950,350.00,us
950,349.00,us
950,350.00,us
950,349.00,us
950,353.00,us
950,351.00,us
950,354.00,us
950,350.00,us
950,349.00,us
950,350.00,us
950,350.00,us
950,469.00,us
950,355.00,us
950,351.00,us
950,351.00,us
950,351.00,us
950,350.00,us
950,352.00,us
950,353.00,us
950,568.00,us
950,352.00,us
950,352.00,us
950,353.00,us
950,351.00,us
950,350.00,us
950,350.00,us
950,350.00,us
950,351.00,us
950,349.00,us
950,350.00,us
950,349.00,us
950,350.00,us
950,349.00,us
950,350.00,us
950,351.00,us
950,425.00,us
950,352.00,us
950,352.00,us
950,351.00,us
950,351.00,us
950,352.00,us
950,351.00,us
950,351.00,us
950,585.00,us
950,353.00,us
950,352.00,us
950,352.00,us
950,353.00,us
950,352.00,us
950,353.00,us
950,354.00,us
950,352.00,us
950,352.00,us
950,352.00,us
950,352.00,us
950,355.00,us
950,352.00,us
950,353.00,us
950,353.00,us
950,352.00,us
950,351.00,us
950,352.00,us
950,352.00,us
950,351.00,us
950,352.00,us
950,351.00,us
950,352.00,us
950,376.00,us
950,358.00,us
950,359.00,us
950,352.00,us
950,352.00,us
950,358.00,us
950,555.00,us
950,352.00,us
950,351.00,us
950,352.00,us
950,352.00,us
950,351.00,us
950,351.00,us
950,351.00,us
950,353.00,us
950,352.00,us
950,426.00,us
950,351.00,us
950,351.00,us
950,351.00,us
950,351.00,us
950,351.00,us
950,353.00,us
950,351.00,us
950,350.00,us
950,352.00,us
950,356.00,us
950,356.00,us
950,355.00,us
950,351.00,us
950,699.00,us
950,357.00,us
950,355.00,us
950,355.00,us
1000,503.00,us
1000,393.00,us
1000,390.00,us
1000,642.00,us
1000,393.00,us
1000,442.00,us
1000,400.00,us
1000,384.00,us
1000,387.00,us
1000,384.00,us
1000,383.00,us
1000,388.00,us
1000,390.00,us
1000,383.00,us
1000,385.00,us
1000,383.00,us
1000,384.00,us
1000,384.00,us
1000,389.00,us
1000,391.00,us
1000,391.00,us
1000,382.00,us
1000,385.00,us
1000,385.00,us
1000,383.00,us
1000,385.00,us
1000,384.00,us
1000,389.00,us
1000,386.00,us
1000,383.00,us
1000,388.00,us
1000,385.00,us
1000,424.00,us
1000,384.00,us
1000,389.00,us
1000,409.00,us
1000,412.00,us
1000,384.00,us
1000,499.00,us
1000,392.00,us
1000,386.00,us
1000,387.00,us
1000,391.00,us
1000,386.00,us
1000,385.00,us
1000,385.00,us
1000,388.00,us
1000,387.00,us
1000,384.00,us
1000,389.00,us
1000,395.00,us
1000,392.00,us
1000,386.00,us
1000,390.00,us
1000,386.00,us
1000,385.00,us
1000,384.00,us
1000,384.00,us
1000,385.00,us
1000,390.00,us
1000,389.00,us
1000,382.00,us
1000,382.00,us
1000,389.00,us
1000,531.00,us
1000,392.00,us
1000,387.00,us
1000,395.00,us
1000,396.00,us
1000,387.00,us
1000,384.00,us
1000,388.00,us
1000,383.00,us
1000,386.00,us
1000,383.00,us
1000,381.00,us
1000,380.00,us
1000,386.00,us
1000,392.00,us
1000,384.00,us
1000,386.00,us
1000,384.00,us
1000,384.00,us
1000,384.00,us
1000,385.00,us
1000,385.00,us
1000,391.00,us
1000,390.00,us
1000,382.00,us
1000,385.00,us
1000,386.00,us
1000,389.00,us
1000,385.00,us
1000,384.00,us
1000,388.00,us
1000,387.00,us
1000,388.00,us
1000,391.00,us
1000,384.00,us
1000,402.00,us
1000,387.00,us
1000,392.00,us
1000,383.00,us
1000,383.00,us
1000,385.00,us
1000,385.00,us
1000,505.00,us
1000,389.00,us
1000,383.00,us
1000,385.00,us
1000,393.00,us
1000,387.00,us
1000,388.00,us
1000,386.00,us
1000,386.00,us
1000,388.00,us
1000,390.00,us
1000,395.00,us
1000,393.00,us
1000,392.00,us
1000,385.00,us
1000,384.00,us
1000,384.00,us
1000,387.00,us
1000,389.00,us
1000,389.00,us
1000,389.00,us
1000,390.00,us
1000,384.00,us
1000,385.00,us
1000,384.00,us
1000,383.00,us
1000,383.00,us
1000,383.00,us
1000,384.00,us
1000,386.00,us
1000,391.00,us
1000,388.00,us
1000,389.00,us
1000,382.00,us
1000,385.00,us
1000,389.00,us
1000,516.00,us
1000,386.00,us
1000,383.00,us
1000,385.00,us
1000,383.00,us
1000,389.00,us
1000,387.00,us
1000,476.00,us
